filename,words
word_1.png,𑂻
word_2.png,𑂻
word_3.png,𑂻
word_4.png,𑂽𑂼
word_5.png,𑂽𑂼
word_6.png,𑂽𑂼
word_7.png,𑂾
word_8.png,𑂾
word_9.png,𑂾
word_10.png,𑂿
word_11.png,𑂿
word_12.png,𑂿
word_13.png,𑃀
word_14.png,𑃀
word_15.png,𑃀
word_16.png,𑃁
word_17.png,𑃁
word_18.png,𑃁
word_19.png,𑂃
word_20.png,𑂃
word_21.png,𑂃
word_22.png,𑂄
word_23.png,𑂄
word_24.png,𑂄
word_25.png,𑂅
word_26.png,𑂅
word_27.png,𑂅
word_28.png,𑂆
word_29.png,𑂆
word_30.png,𑂆
word_31.png,𑂇
word_32.png,𑂇
word_33.png,𑂇
word_34.png,𑂈
word_35.png,𑂈
word_36.png,𑂈
word_37.png,𑂉
word_38.png,𑂉
word_39.png,𑂉
word_40.png,𑂊
word_41.png,𑂊
word_42.png,𑂊
word_43.png,𑂋
word_44.png,𑂋
word_45.png,𑂋
word_46.png,𑂌
word_47.png,𑂌
word_48.png,𑂌
word_49.png,𑂍
word_50.png,𑂍
word_51.png,𑂍
word_52.png,𑂎
word_53.png,𑂎
word_54.png,𑂎
word_55.png,𑂏
word_56.png,𑂏
word_57.png,𑂏
word_58.png,𑂐
word_59.png,𑂐
word_60.png,𑂐
word_61.png,𑂑
word_62.png,𑂑
word_63.png,𑂑
word_64.png,𑂒
word_65.png,𑂒
word_66.png,𑂒
word_67.png,𑂓
word_68.png,𑂓
word_69.png,𑂓
word_70.png,𑂔
word_71.png,𑂔
word_72.png,𑂔
word_73.png,𑂕
word_74.png,𑂕
word_75.png,𑂕
word_76.png,𑂖
word_77.png,𑂖
word_78.png,𑂖
word_79.png,𑂗
word_80.png,𑂗
word_81.png,𑂗
word_82.png,𑂘
word_83.png,𑂘
word_84.png,𑂘
word_85.png,𑂙
word_86.png,𑂙
word_87.png,𑂙
word_88.png,𑂚
word_89.png,𑂚
word_90.png,𑂚
word_91.png,𑂛
word_92.png,𑂛
word_93.png,𑂛
word_94.png,𑂜
word_95.png,𑂜
word_96.png,𑂜
word_97.png,𑂝
word_98.png,𑂝
word_99.png,𑂝
word_100.png,𑂞
word_101.png,𑂞
word_102.png,𑂞
word_103.png,𑂟
word_104.png,𑂟
word_105.png,𑂟
word_106.png,𑂠
word_107.png,𑂠
word_108.png,𑂠
word_109.png,𑂡
word_110.png,𑂡
word_111.png,𑂡
word_112.png,𑂢
word_113.png,𑂢
word_114.png,𑂢
word_115.png,𑂣
word_116.png,𑂣
word_117.png,𑂣
word_118.png,𑂤
word_119.png,𑂤
word_120.png,𑂤
word_121.png,𑂥
word_122.png,𑂥
word_123.png,𑂥
word_124.png,𑂦
word_125.png,𑂦
word_126.png,𑂦
word_127.png,𑂧
word_128.png,𑂧
word_129.png,𑂧
word_130.png,𑂨
word_131.png,𑂨
word_132.png,𑂨
word_133.png,𑂩
word_134.png,𑂩
word_135.png,𑂩
word_136.png,𑂪
word_137.png,𑂪
word_138.png,𑂪
word_139.png,𑂫
word_140.png,𑂫
word_141.png,𑂫
word_142.png,𑂬
word_143.png,𑂬
word_144.png,𑂬
word_145.png,𑂭
word_146.png,𑂭
word_147.png,𑂭
word_148.png,𑂮
word_149.png,𑂮
word_150.png,𑂮
word_151.png,𑂯
word_152.png,𑂯
word_153.png,𑂯
word_154.png,𑂩𑂰𑂭𑂹𑂗𑂹𑂩𑂣𑂞𑂱
word_155.png,𑂩𑂰𑂭𑂹𑂗𑂹𑂩𑂣𑂞𑂱
word_156.png,𑂩𑂰𑂭𑂹𑂗𑂹𑂩𑂣𑂞𑂱
word_157.png,𑂣𑂹𑂩𑂡𑂰𑂢
word_158.png,𑂣𑂹𑂩𑂡𑂰𑂢
word_159.png,𑂣𑂹𑂩𑂡𑂰𑂢
word_160.png,𑂬𑂍𑂹𑂞𑂱
word_161.png,𑂬𑂍𑂹𑂞𑂱
word_162.png,𑂬𑂍𑂹𑂞𑂱
word_163.png,𑂣𑂩𑂱𑂫𑂩𑂹𑂞𑂢
word_164.png,𑂣𑂩𑂱𑂫𑂩𑂹𑂞𑂢
word_165.png,𑂣𑂩𑂱𑂫𑂩𑂹𑂞𑂢
word_166.png,𑂃𑂏𑂹𑂢𑂱
word_167.png,𑂃𑂏𑂹𑂢𑂱
word_168.png,𑂃𑂏𑂹𑂢𑂱
word_169.png,𑂇𑂞𑂹𑂍ृ𑂭𑂹𑂗
word_170.png,𑂇𑂞𑂹𑂍ृ𑂭𑂹𑂗
word_171.png,𑂇𑂞𑂹𑂍ृ𑂭𑂹𑂗
word_172.png,𑂍𑂩𑂹𑂧
word_173.png,𑂍𑂩𑂹𑂧
word_174.png,𑂍𑂩𑂹𑂧
word_175.png,𑂫𑂱𑂔𑂨
word_176.png,𑂫𑂱𑂔𑂨
word_177.png,𑂫𑂱𑂔𑂨
word_178.png,𑂎𑂢𑂱𑂔
word_179.png,𑂎𑂢𑂱𑂔
word_180.png,𑂎𑂢𑂱𑂔
word_181.png,𑂔𑂲𑂫𑂢
word_182.png,𑂔𑂲𑂫𑂢
word_183.png,𑂔𑂲𑂫𑂢
word_184.png,𑂬𑂱𑂎𑂩
word_185.png,𑂬𑂱𑂎𑂩
word_186.png,𑂬𑂱𑂎𑂩
word_187.png,𑂮𑂤𑂪
word_188.png,𑂮𑂤𑂪
word_189.png,𑂮𑂤𑂪
word_190.png,𑂩𑂰𑂔𑂹𑂨
word_191.png,𑂩𑂰𑂔𑂹𑂨
word_192.png,𑂩𑂰𑂔𑂹𑂨
word_193.png,𑂠𑂱𑂢𑂍𑂩
word_194.png,𑂠𑂱𑂢𑂍𑂩
word_195.png,𑂠𑂱𑂢𑂍𑂩
word_196.png,𑂮𑂧𑂰𑂫𑂵𑂬
word_197.png,𑂮𑂧𑂰𑂫𑂵𑂬
word_198.png,𑂮𑂧𑂰𑂫𑂵𑂬
word_199.png,𑂃𑂧𑂹𑂥𑂩
word_200.png,𑂃𑂧𑂹𑂥𑂩
word_201.png,𑂃𑂧𑂹𑂥𑂩
word_202.png,𑂬𑂳𑂠𑂹𑂡
word_203.png,𑂬𑂳𑂠𑂹𑂡
word_204.png,𑂬𑂳𑂠𑂹𑂡
word_205.png,𑂡𑂢𑂫𑂰𑂢
word_206.png,𑂡𑂢𑂫𑂰𑂢
word_207.png,𑂡𑂢𑂫𑂰𑂢
word_208.png,𑂒𑂧𑂞𑂹𑂍𑂰𑂩
word_209.png,𑂒𑂧𑂞𑂹𑂍𑂰𑂩
word_210.png,𑂒𑂧𑂞𑂹𑂍𑂰𑂩
word_211.png,𑂣𑂴𑂩𑂹𑂫𑂫𑂩𑂹𑂞𑂲
word_212.png,𑂣𑂴𑂩𑂹𑂫𑂫𑂩𑂹𑂞𑂲
word_213.png,𑂣𑂴𑂩𑂹𑂫𑂫𑂩𑂹𑂞𑂲
word_214.png,𑂦𑂁𑂙𑂰𑂩𑂝
word_215.png,𑂦𑂁𑂙𑂰𑂩𑂝
word_216.png,𑂦𑂁𑂙𑂰𑂩𑂝
word_217.png,𑂫𑂶𑂡𑂰𑂢𑂱𑂍
word_218.png,𑂫𑂶𑂡𑂰𑂢𑂱𑂍
word_219.png,𑂫𑂶𑂡𑂰𑂢𑂱𑂍
word_220.png,𑂢𑂹𑂨𑂰𑂨𑂰𑂪𑂨𑂷𑂁 
word_221.png,𑂢𑂹𑂨𑂰𑂨𑂰𑂪𑂨𑂷𑂁 
word_222.png,𑂢𑂹𑂨𑂰𑂨𑂰𑂪𑂨𑂷𑂁 
word_223.png,𑂡𑂩𑂹𑂧𑂬𑂰𑂪𑂰
word_224.png,𑂡𑂩𑂹𑂧𑂬𑂰𑂪𑂰
word_225.png,𑂡𑂩𑂹𑂧𑂬𑂰𑂪𑂰
word_226.png,𑂥𑂁𑂡𑂴 
word_227.png,𑂥𑂁𑂡𑂴 
word_228.png,𑂥𑂁𑂡𑂴 
word_229.png,𑂄𑂡𑂱𑂍𑂰𑂩𑂱𑂍
word_230.png,𑂄𑂡𑂱𑂍𑂰𑂩𑂱𑂍
word_231.png,𑂄𑂡𑂱𑂍𑂰𑂩𑂱𑂍
word_232.png,𑂇𑂣𑂨𑂳𑂍𑂹𑂞
word_233.png,𑂇𑂣𑂨𑂳𑂍𑂹𑂞
word_234.png,𑂇𑂣𑂨𑂳𑂍𑂹𑂞
word_235.png,𑂣𑂹𑂩𑂰𑂒𑂲𑂢
word_236.png,𑂣𑂹𑂩𑂰𑂒𑂲𑂢
word_237.png,𑂣𑂹𑂩𑂰𑂒𑂲𑂢
word_238.png,𑂦𑂴𑂞𑂍𑂰𑂪
word_239.png,𑂦𑂴𑂞𑂍𑂰𑂪
word_240.png,𑂦𑂴𑂞𑂍𑂰𑂪
word_241.png,𑂧𑂰𑂢𑂫
word_242.png,𑂧𑂰𑂢𑂫
word_243.png,𑂧𑂰𑂢𑂫
word_244.png,𑂃𑂡𑂱𑂍𑂰𑂩
word_245.png,𑂃𑂡𑂱𑂍𑂰𑂩
word_246.png,𑂃𑂡𑂱𑂍𑂰𑂩
word_247.png,𑂯𑂀𑂮𑂢𑂰
word_248.png,𑂯𑂀𑂮𑂢𑂰
word_249.png,𑂯𑂀𑂮𑂢𑂰
word_250.png,𑂇𑂣𑂮𑂹𑂟𑂱𑂞
word_251.png,𑂇𑂣𑂮𑂹𑂟𑂱𑂞
word_252.png,𑂇𑂣𑂮𑂹𑂟𑂱𑂞
word_253.png,𑂧𑂬𑂯𑂴𑂩
word_254.png,𑂧𑂬𑂯𑂴𑂩
word_255.png,𑂧𑂬𑂯𑂴𑂩
word_256.png,𑂣𑂸𑂩𑂰𑂝𑂱𑂍
word_257.png,𑂣𑂸𑂩𑂰𑂝𑂱𑂍
word_258.png,𑂣𑂸𑂩𑂰𑂝𑂱𑂍
word_259.png,𑂏𑂳𑂣𑂹𑂞
word_260.png,𑂏𑂳𑂣𑂹𑂞
word_261.png,𑂏𑂳𑂣𑂹𑂞
word_262.png,𑂮𑂁𑂔𑂲𑂫
word_263.png,𑂮𑂁𑂔𑂲𑂫
word_264.png,𑂮𑂁𑂔𑂲𑂫
word_265.png,𑂩𑂴𑂣𑂍
word_266.png,𑂩𑂴𑂣𑂍
word_267.png,𑂩𑂴𑂣𑂍
word_268.png,𑂠𑂳𑂭𑂹𑂗
word_269.png,𑂠𑂳𑂭𑂹𑂗
word_270.png,𑂠𑂳𑂭𑂹𑂗
word_271.png,𑂃𑂔𑂹𑂖𑂵𑂨
word_272.png,𑂃𑂔𑂹𑂖𑂵𑂨
word_273.png,𑂃𑂔𑂹𑂖𑂵𑂨
word_274.png,𑂬𑂰𑂮𑂹𑂞𑂹𑂩
word_275.png,𑂬𑂰𑂮𑂹𑂞𑂹𑂩
word_276.png,𑂬𑂰𑂮𑂹𑂞𑂹𑂩
word_277.png,𑂍𑂳𑂗𑂳𑂁𑂥
word_278.png,𑂍𑂳𑂗𑂳𑂁𑂥
word_279.png,𑂍𑂳𑂗𑂳𑂁𑂥
word_280.png,𑂃𑂗𑂹𑂗𑂰𑂪𑂱𑂍𑂰
word_281.png,𑂃𑂗𑂹𑂗𑂰𑂪𑂱𑂍𑂰
word_282.png,𑂃𑂗𑂹𑂗𑂰𑂪𑂱𑂍𑂰
word_283.png,𑂢𑂬𑂹𑂫𑂰𑂩𑂞𑂰
word_284.png,𑂢𑂬𑂹𑂫𑂰𑂩𑂞𑂰
word_285.png,𑂢𑂬𑂹𑂫𑂰𑂩𑂞𑂰
word_286.png,𑂮𑂁𑂦𑂫
word_287.png,𑂮𑂁𑂦𑂫
word_288.png,𑂮𑂁𑂦𑂫
word_289.png,𑂍𑂰𑂢𑂴𑂢
word_290.png,𑂍𑂰𑂢𑂴𑂢
word_291.png,𑂍𑂰𑂢𑂴𑂢
word_292.png,𑂏𑂹𑂩𑂲𑂭𑂹𑂧
word_293.png,𑂏𑂹𑂩𑂲𑂭𑂹𑂧
word_294.png,𑂏𑂹𑂩𑂲𑂭𑂹𑂧
word_295.png,𑂎𑂴𑂥𑂮𑂴𑂩𑂞
word_296.png,𑂎𑂴𑂥𑂮𑂴𑂩𑂞
word_297.png,𑂎𑂴𑂥𑂮𑂴𑂩𑂞
word_298.png,𑂣𑂩𑂹𑂨𑂰𑂫𑂩𑂝
word_299.png,𑂣𑂩𑂹𑂨𑂰𑂫𑂩𑂝
word_300.png,𑂣𑂩𑂹𑂨𑂰𑂫𑂩𑂝
word_301.png,𑂇𑂞𑂹𑂞𑂩𑂰𑂡𑂱𑂍𑂰𑂩𑂲
word_302.png,𑂇𑂞𑂹𑂞𑂩𑂰𑂡𑂱𑂍𑂰𑂩𑂲
word_303.png,𑂇𑂞𑂹𑂞𑂩𑂰𑂡𑂱𑂍𑂰𑂩𑂲
word_304.png,𑂧𑂪𑂱𑂢
word_305.png,𑂧𑂪𑂱𑂢
word_306.png,𑂧𑂪𑂱𑂢
word_307.png,𑂠𑂁𑂙𑂍𑂰𑂩𑂝𑂹𑂨
word_308.png,𑂠𑂁𑂙𑂍𑂰𑂩𑂝𑂹𑂨
word_309.png,𑂠𑂁𑂙𑂍𑂰𑂩𑂝𑂹𑂨
word_310.png,𑂃𑂧ृ𑂞
word_311.png,𑂃𑂧ृ𑂞
word_312.png,𑂃𑂧ृ𑂞
word_313.png,𑂇𑂢𑂹𑂧𑂳𑂍𑂹𑂞
word_314.png,𑂇𑂢𑂹𑂧𑂳𑂍𑂹𑂞
word_315.png,𑂇𑂢𑂹𑂧𑂳𑂍𑂹𑂞
word_316.png,𑂏𑂔𑂏𑂰𑂧𑂱𑂢𑂲
word_317.png,𑂏𑂔𑂏𑂰𑂧𑂱𑂢𑂲
word_318.png,𑂏𑂔𑂏𑂰𑂧𑂱𑂢𑂲
word_319.png,𑂣𑂹𑂩𑂥𑂁𑂡𑂢
word_320.png,𑂣𑂹𑂩𑂥𑂁𑂡𑂢
word_321.png,𑂣𑂹𑂩𑂥𑂁𑂡𑂢
word_322.png,𑂧𑂰𑂣𑂠𑂁𑂙
word_323.png,𑂧𑂰𑂣𑂠𑂁𑂙
word_324.png,𑂧𑂰𑂣𑂠𑂁𑂙
word_325.png,𑂢𑂱𑂨𑂧𑂱𑂞
word_326.png,𑂢𑂱𑂨𑂧𑂱𑂞
word_327.png,𑂢𑂱𑂨𑂧𑂱𑂞
word_328.png,𑂪𑂯𑂔𑂰
word_329.png,𑂪𑂯𑂔𑂰
word_330.png,𑂪𑂯𑂔𑂰
word_331.png,𑂣𑂩𑂏𑂢𑂰
word_332.png,𑂣𑂩𑂏𑂢𑂰
word_333.png,𑂣𑂩𑂏𑂢𑂰
word_334.png,𑂣𑂹𑂩𑂧𑂰𑂝 𑂣𑂞𑂹𑂩
word_335.png,𑂣𑂹𑂩𑂧𑂰𑂝 𑂣𑂞𑂹𑂩
word_336.png,𑂣𑂹𑂩𑂧𑂰𑂝 𑂣𑂞𑂹𑂩
word_337.png,𑂟𑂰𑂢𑂰
word_338.png,𑂟𑂰𑂢𑂰
word_339.png,𑂟𑂰𑂢𑂰
word_340.png,𑂣𑂹𑂩𑂬𑂰𑂮𑂢
word_341.png,𑂣𑂹𑂩𑂬𑂰𑂮𑂢
word_342.png,𑂣𑂹𑂩𑂬𑂰𑂮𑂢
word_343.png,𑂮𑂹𑂫𑂲𑂍ृ𑂞𑂱
word_344.png,𑂮𑂹𑂫𑂲𑂍ृ𑂞𑂱
word_345.png,𑂮𑂹𑂫𑂲𑂍ृ𑂞𑂱
word_346.png,𑂢𑂱𑂩𑂹𑂠𑂵𑂬𑂰𑂢𑂳𑂮𑂰𑂩
word_347.png,𑂢𑂱𑂩𑂹𑂠𑂵𑂬𑂰𑂢𑂳𑂮𑂰𑂩
word_348.png,𑂢𑂱𑂩𑂹𑂠𑂵𑂬𑂰𑂢𑂳𑂮𑂰𑂩
word_349.png,𑂢𑂰𑂏𑂩𑂱𑂍𑂞𑂰
word_350.png,𑂢𑂰𑂏𑂩𑂱𑂍𑂞𑂰
word_351.png,𑂢𑂰𑂏𑂩𑂱𑂍𑂞𑂰
word_352.png,𑂍𑂰𑂩𑂹𑂨𑂨𑂷𑂔𑂢𑂰
word_353.png,𑂍𑂰𑂩𑂹𑂨𑂨𑂷𑂔𑂢𑂰
word_354.png,𑂍𑂰𑂩𑂹𑂨𑂨𑂷𑂔𑂢𑂰
word_355.png,𑂞𑂠𑂩𑂹𑂟 𑂮𑂧𑂱𑂞𑂱
word_356.png,𑂞𑂠𑂩𑂹𑂟 𑂮𑂧𑂱𑂞𑂱
word_357.png,𑂞𑂠𑂩𑂹𑂟 𑂮𑂧𑂱𑂞𑂱
word_358.png,𑂇𑂣𑂮𑂒𑂱𑂫
word_359.png,𑂇𑂣𑂮𑂒𑂱𑂫
word_360.png,𑂇𑂣𑂮𑂒𑂱𑂫
word_361.png,𑂧𑂞𑂰𑂡𑂱𑂍𑂰𑂩
word_362.png,𑂧𑂞𑂰𑂡𑂱𑂍𑂰𑂩
word_363.png,𑂧𑂞𑂰𑂡𑂱𑂍𑂰𑂩
word_364.png,𑂍𑂰𑂩𑂹𑂨𑂮𑂴𑂒𑂲
word_365.png,𑂍𑂰𑂩𑂹𑂨𑂮𑂴𑂒𑂲
word_366.png,𑂍𑂰𑂩𑂹𑂨𑂮𑂴𑂒𑂲
word_367.png,𑂏𑂹𑂩𑂰𑂧 𑂣𑂁𑂒𑂰𑂨𑂞
word_368.png,𑂏𑂹𑂩𑂰𑂧 𑂣𑂁𑂒𑂰𑂨𑂞
word_369.png,𑂏𑂹𑂩𑂰𑂧 𑂣𑂁𑂒𑂰𑂨𑂞
word_370.png,𑂢𑂱𑂩𑂹𑂫𑂰𑂒𑂢 𑂄𑂨𑂷𑂏
word_371.png,𑂢𑂱𑂩𑂹𑂫𑂰𑂒𑂢 𑂄𑂨𑂷𑂏
word_372.png,𑂢𑂱𑂩𑂹𑂫𑂰𑂒𑂢 𑂄𑂨𑂷𑂏
word_373.png,𑂢𑂱𑂨𑂳𑂍𑂹𑂞𑂱
word_374.png,𑂢𑂱𑂨𑂳𑂍𑂹𑂞𑂱
word_375.png,𑂢𑂱𑂨𑂳𑂍𑂹𑂞𑂱
word_376.png,𑂫𑂱𑂦𑂰𑂏
word_377.png,𑂫𑂱𑂦𑂰𑂏
word_378.png,𑂫𑂱𑂦𑂰𑂏
word_379.png,𑂮𑂦𑂰
word_380.png,𑂮𑂦𑂰
word_381.png,𑂮𑂦𑂰
word_382.png,𑂧𑂁𑂞𑂹𑂩𑂰𑂪𑂨
word_383.png,𑂧𑂁𑂞𑂹𑂩𑂰𑂪𑂨
word_384.png,𑂧𑂁𑂞𑂹𑂩𑂰𑂪𑂨
word_385.png,𑂣𑂗𑂫𑂰𑂩𑂲
word_386.png,𑂣𑂗𑂫𑂰𑂩𑂲
word_387.png,𑂣𑂗𑂫𑂰𑂩𑂲
word_388.png,𑂞𑂯𑂮𑂲𑂪𑂠𑂰𑂩
word_389.png,𑂞𑂯𑂮𑂲𑂪𑂠𑂰𑂩
word_390.png,𑂞𑂯𑂮𑂲𑂪𑂠𑂰𑂩
word_391.png,𑂮𑂩𑂣𑂁𑂒
word_392.png,𑂮𑂩𑂣𑂁𑂒
word_393.png,𑂮𑂩𑂣𑂁𑂒
word_394.png,𑂣𑂹𑂩𑂧𑂳𑂎
word_395.png,𑂣𑂹𑂩𑂧𑂳𑂎
word_396.png,𑂣𑂹𑂩𑂧𑂳𑂎
word_397.png,𑂮𑂯𑂰𑂨𑂍
word_398.png,𑂮𑂯𑂰𑂨𑂍
word_399.png,𑂮𑂯𑂰𑂨𑂍
word_400.png,𑂏𑂹𑂩𑂰𑂧 𑂣𑂩𑂱𑂭𑂠
word_401.png,𑂏𑂹𑂩𑂰𑂧 𑂣𑂩𑂱𑂭𑂠
word_402.png,𑂏𑂹𑂩𑂰𑂧 𑂣𑂩𑂱𑂭𑂠
word_403.png,𑂍𑂹𑂭𑂵𑂞𑂹𑂩𑂰𑂡𑂱𑂍𑂰𑂩
word_404.png,𑂍𑂹𑂭𑂵𑂞𑂹𑂩𑂰𑂡𑂱𑂍𑂰𑂩
word_405.png,𑂍𑂹𑂭𑂵𑂞𑂹𑂩𑂰𑂡𑂱𑂍𑂰𑂩
word_406.png,𑂍𑂹𑂭𑂵𑂞𑂹𑂩𑂤𑂪
word_407.png,𑂍𑂹𑂭𑂵𑂞𑂹𑂩𑂤𑂪
word_408.png,𑂍𑂹𑂭𑂵𑂞𑂹𑂩𑂤𑂪
word_409.png,𑂪𑂵𑂎𑂣𑂰𑂪
word_410.png,𑂪𑂵𑂎𑂣𑂰𑂪
word_411.png,𑂪𑂵𑂎𑂣𑂰𑂪
word_412.png,𑂪𑂷𑂍𑂞𑂁𑂞𑂹𑂩
word_413.png,𑂪𑂷𑂍𑂞𑂁𑂞𑂹𑂩
word_414.png,𑂪𑂷𑂍𑂞𑂁𑂞𑂹𑂩
word_415.png,𑂞𑂰𑂪𑂳𑂍𑂰
word_416.png,𑂞𑂰𑂪𑂳𑂍𑂰
word_417.png,𑂞𑂰𑂪𑂳𑂍𑂰
word_418.png,𑂠𑂁𑂙𑂢𑂰𑂨𑂍
word_419.png,𑂠𑂁𑂙𑂢𑂰𑂨𑂍
word_420.png,𑂠𑂁𑂙𑂢𑂰𑂨𑂍
word_421.png,𑂮𑂴𑂥𑂵𑂠𑂰𑂩
word_422.png,𑂮𑂴𑂥𑂵𑂠𑂰𑂩
word_423.png,𑂮𑂴𑂥𑂵𑂠𑂰𑂩
word_424.png,𑂠𑂩𑂷𑂏𑂰
word_425.png,𑂠𑂩𑂷𑂏𑂰
word_426.png,𑂠𑂩𑂷𑂏𑂰
word_427.png,𑂩𑂰𑂬𑂢 𑂫𑂱𑂞𑂩𑂝
word_428.png,𑂩𑂰𑂬𑂢 𑂫𑂱𑂞𑂩𑂝
word_429.png,𑂩𑂰𑂬𑂢 𑂫𑂱𑂞𑂩𑂝
word_430.png,𑂏𑂹𑂩𑂰𑂧 𑂍𑂷𑂭
word_431.png,𑂏𑂹𑂩𑂰𑂧 𑂍𑂷𑂭
word_432.png,𑂏𑂹𑂩𑂰𑂧 𑂍𑂷𑂭
word_433.png,𑂏𑂹𑂩𑂰𑂧𑂲𑂝 𑂥𑂰𑂔𑂰𑂩
word_434.png,𑂏𑂹𑂩𑂰𑂧𑂲𑂝 𑂥𑂰𑂔𑂰𑂩
word_435.png,𑂏𑂹𑂩𑂰𑂧𑂲𑂝 𑂥𑂰𑂔𑂰𑂩
word_436.png,𑂎𑂮𑂩𑂰
word_437.png,𑂎𑂮𑂩𑂰
word_438.png,𑂎𑂮𑂩𑂰
word_439.png,𑂎𑂞𑂸𑂢𑂲
word_440.png,𑂎𑂞𑂸𑂢𑂲
word_441.png,𑂎𑂞𑂸𑂢𑂲
word_442.png,𑂣𑂩𑂱𑂡𑂲𑂨 𑂍𑂹𑂭𑂵𑂞𑂹𑂩
word_443.png,𑂣𑂩𑂱𑂡𑂲𑂨 𑂍𑂹𑂭𑂵𑂞𑂹𑂩
word_444.png,𑂣𑂩𑂱𑂡𑂲𑂨 𑂍𑂹𑂭𑂵𑂞𑂹𑂩
word_445.png,𑂣𑂁𑂒𑂰𑂨𑂞 𑂮𑂠𑂮𑂹𑂨
word_446.png,𑂣𑂁𑂒𑂰𑂨𑂞 𑂮𑂠𑂮𑂹𑂨
word_447.png,𑂣𑂁𑂒𑂰𑂨𑂞 𑂮𑂠𑂮𑂹𑂨
word_448.png,𑂏𑂹𑂩𑂰𑂧 𑂮𑂦𑂰
word_449.png,𑂏𑂹𑂩𑂰𑂧 𑂮𑂦𑂰
word_450.png,𑂏𑂹𑂩𑂰𑂧 𑂮𑂦𑂰
word_451.png,𑂫𑂱𑂍𑂰𑂮 𑂃𑂡𑂱𑂍𑂰𑂩𑂲
word_452.png,𑂫𑂱𑂍𑂰𑂮 𑂃𑂡𑂱𑂍𑂰𑂩𑂲
word_453.png,𑂫𑂱𑂍𑂰𑂮 𑂃𑂡𑂱𑂍𑂰𑂩𑂲
word_454.png,𑂣𑂁𑂒
word_455.png,𑂣𑂁𑂒
word_456.png,𑂣𑂁𑂒
word_457.png,𑂩𑂰𑂔𑂮𑂹𑂫
word_458.png,𑂩𑂰𑂔𑂮𑂹𑂫
word_459.png,𑂩𑂰𑂔𑂮𑂹𑂫
word_460.png,𑂣𑂁𑂔𑂲𑂍𑂩𑂝
word_461.png,𑂣𑂁𑂔𑂲𑂍𑂩𑂝
word_462.png,𑂣𑂁𑂔𑂲𑂍𑂩𑂝
word_463.png,𑂣𑂩𑂰𑂧𑂩𑂹𑂬 𑂮𑂧𑂱𑂞𑂱
word_464.png,𑂣𑂩𑂰𑂧𑂩𑂹𑂬 𑂮𑂧𑂱𑂞𑂱
word_465.png,𑂣𑂩𑂰𑂧𑂩𑂹𑂬 𑂮𑂧𑂱𑂞𑂱
word_466.png,𑂣𑂁𑂒𑂰𑂨𑂞 𑂩𑂰𑂔 𑂃𑂡𑂱𑂢𑂱𑂨𑂧
word_467.png,𑂣𑂁𑂒𑂰𑂨𑂞 𑂩𑂰𑂔 𑂃𑂡𑂱𑂢𑂱𑂨𑂧
word_468.png,𑂣𑂁𑂒𑂰𑂨𑂞 𑂩𑂰𑂔 𑂃𑂡𑂱𑂢𑂱𑂨𑂧
word_469.png,𑂫𑂱𑂍𑂵𑂁𑂠𑂹𑂩𑂲𑂍𑂩𑂝
word_470.png,𑂫𑂱𑂍𑂵𑂁𑂠𑂹𑂩𑂲𑂍𑂩𑂝
word_471.png,𑂫𑂱𑂍𑂵𑂁𑂠𑂹𑂩𑂲𑂍𑂩𑂝
word_472.png,𑂦𑂴-𑂃𑂡𑂱𑂍𑂰𑂩
word_473.png,𑂦𑂴-𑂃𑂡𑂱𑂍𑂰𑂩
word_474.png,𑂦𑂴-𑂃𑂡𑂱𑂍𑂰𑂩
word_475.png,𑂦𑂴𑂧𑂱 𑂮𑂳𑂡𑂰𑂩
word_476.png,𑂦𑂴𑂧𑂱 𑂮𑂳𑂡𑂰𑂩
word_477.png,𑂦𑂴𑂧𑂱 𑂮𑂳𑂡𑂰𑂩
word_478.png,𑂮𑂩𑂹𑂫𑂵𑂍𑂹𑂭𑂝 𑂃𑂡𑂱𑂍𑂰𑂩𑂲
word_479.png,𑂮𑂩𑂹𑂫𑂵𑂍𑂹𑂭𑂝 𑂃𑂡𑂱𑂍𑂰𑂩𑂲
word_480.png,𑂮𑂩𑂹𑂫𑂵𑂍𑂹𑂭𑂝 𑂃𑂡𑂱𑂍𑂰𑂩𑂲
word_481.png,𑂣𑂩𑂱𑂮𑂁𑂣𑂞𑂹𑂞𑂱 𑂣𑂹𑂩𑂥𑂁𑂡𑂢
word_482.png,𑂣𑂩𑂱𑂮𑂁𑂣𑂞𑂹𑂞𑂱 𑂣𑂹𑂩𑂥𑂁𑂡𑂢
word_483.png,𑂣𑂩𑂱𑂮𑂁𑂣𑂞𑂹𑂞𑂱 𑂣𑂹𑂩𑂥𑂁𑂡𑂢
word_484.png,𑂣𑂩𑂱𑂡𑂲𑂨 𑂍𑂹𑂭𑂵𑂞𑂹𑂩
word_485.png,𑂣𑂩𑂱𑂡𑂲𑂨 𑂍𑂹𑂭𑂵𑂞𑂹𑂩
word_486.png,𑂣𑂩𑂱𑂡𑂲𑂨 𑂍𑂹𑂭𑂵𑂞𑂹𑂩
word_487.png,𑂏𑂹𑂩𑂰𑂧𑂷𑂠𑂹𑂨𑂷𑂏
word_488.png,𑂏𑂹𑂩𑂰𑂧𑂷𑂠𑂹𑂨𑂷𑂏
word_489.png,𑂏𑂹𑂩𑂰𑂧𑂷𑂠𑂹𑂨𑂷𑂏
word_490.png,𑂏𑂹𑂩𑂰𑂧𑂲𑂝 𑂢𑂹𑂨𑂰𑂨𑂰𑂪𑂨
word_491.png,𑂏𑂹𑂩𑂰𑂧𑂲𑂝 𑂢𑂹𑂨𑂰𑂨𑂰𑂪𑂨
word_492.png,𑂏𑂹𑂩𑂰𑂧𑂲𑂝 𑂢𑂹𑂨𑂰𑂨𑂰𑂪𑂨
word_493.png,𑂃𑂡𑂱𑂍𑂰𑂩𑂱𑂞𑂰
word_494.png,𑂃𑂡𑂱𑂍𑂰𑂩𑂱𑂞𑂰
word_495.png,𑂃𑂡𑂱𑂍𑂰𑂩𑂱𑂞𑂰
word_496.png,𑂃𑂦𑂱𑂪𑂵𑂎 𑂮𑂁𑂡𑂰𑂩𑂝
word_497.png,𑂃𑂦𑂱𑂪𑂵𑂎 𑂮𑂁𑂡𑂰𑂩𑂝
word_498.png,𑂃𑂦𑂱𑂪𑂵𑂎 𑂮𑂁𑂡𑂰𑂩𑂝
word_499.png,𑂃𑂢𑂳𑂣𑂰𑂪𑂍 𑂢𑂱𑂩𑂲𑂍𑂹𑂭𑂝
word_500.png,𑂃𑂢𑂳𑂣𑂰𑂪𑂍 𑂢𑂱𑂩𑂲𑂍𑂹𑂭𑂝
word_501.png,𑂃𑂢𑂳𑂣𑂰𑂪𑂍 𑂢𑂱𑂩𑂲𑂍𑂹𑂭𑂝
word_502.png,𑂮𑂯𑂍𑂰𑂩𑂲 𑂮𑂧𑂱𑂞𑂱
word_503.png,𑂮𑂯𑂍𑂰𑂩𑂲 𑂮𑂧𑂱𑂞𑂱
word_504.png,𑂮𑂯𑂍𑂰𑂩𑂲 𑂮𑂧𑂱𑂞𑂱
word_505.png,𑂔𑂪𑂏𑂹𑂩𑂯𑂝 𑂣𑂹𑂩𑂥𑂁𑂡𑂢
word_506.png,𑂔𑂪𑂏𑂹𑂩𑂯𑂝 𑂣𑂹𑂩𑂥𑂁𑂡𑂢
word_507.png,𑂔𑂪𑂏𑂹𑂩𑂯𑂝 𑂣𑂹𑂩𑂥𑂁𑂡𑂢
word_508.png,𑂔𑂢𑂮𑂵𑂫𑂰 𑂍𑂵𑂁𑂠𑂹𑂩
word_509.png,𑂔𑂢𑂮𑂵𑂫𑂰 𑂍𑂵𑂁𑂠𑂹𑂩
word_510.png,𑂔𑂢𑂮𑂵𑂫𑂰 𑂍𑂵𑂁𑂠𑂹𑂩
word_511.png,𑂣𑂗𑂹𑂗𑂲
word_512.png,𑂧𑂰𑂪𑂱𑂍
word_513.png,𑂮𑂁𑂣𑂠𑂰
word_514.png,𑂍𑂰𑂩𑂹𑂨𑂍𑂰𑂪 𑂡𑂰𑂩𑂍
word_515.png,𑂠𑂩𑂧𑂱𑂨𑂰𑂢𑂲 𑂯𑂍𑂠𑂰𑂩
word_516.png,𑂧𑂯𑂰𑂪
word_517.png,𑂏𑂰𑂀𑂫
word_518.png,𑂮𑂱𑂁𑂒𑂰𑂆
word_519.png,𑂧𑂸𑂔𑂰
word_520.png,𑂎𑂵𑂫𑂗
word_521.png,𑂒𑂸𑂯𑂠𑂹𑂠𑂲
word_522.png,𑂃𑂮𑂰𑂧𑂲
word_523.png,𑂔𑂧𑂲𑂢
word_524.png,𑂪𑂏𑂰𑂢
word_525.png,𑂯𑂰𑂍𑂱𑂧
word_526.png,𑂍𑂥𑂹𑂔𑂰
word_527.png,𑂏𑂶𑂩-𑂠𑂎𑂪
word_528.png,𑂧𑂳𑂠𑂹𑂠𑂞
word_529.png,𑂞𑂯𑂍𑂲𑂍𑂰𑂞
word_530.png,𑂧𑂳𑂞𑂰𑂥𑂱क़
word_531.png,𑂧𑂳𑂢𑂰𑂮𑂱𑂥
word_532.png,𑂎𑂞𑂱𑂨𑂰𑂢
word_533.png,𑂢𑂰𑂅𑂥 𑂞𑂯𑂮𑂲𑂪𑂠𑂰𑂩
word_534.png,𑂮𑂰𑂥𑂲
word_535.png,𑂠ृ𑂛़𑂲𑂍𑂩𑂝
word_536.png,𑂫𑂰𑂩𑂱𑂮
word_537.png,𑂣𑂩𑂞 𑂮𑂩𑂍𑂰𑂩
word_538.png,𑂫𑂰𑂮𑂱𑂪-𑂥𑂰𑂍़𑂲-𑂢𑂫𑂲𑂮
word_539.png,𑂧𑂳𑂮𑂰𑂫𑂲
word_540.png,𑂍𑂰𑂢𑂴𑂢𑂏𑂷
word_541.png,𑂏𑂷𑂬𑂰
word_542.png,𑂏𑂱𑂩𑂠𑂰𑂫𑂩𑂲
word_543.png,𑂥𑂠𑂮𑂹𑂞𑂴𑂩
word_544.png,𑂎𑂩𑂲𑂤
word_545.png,𑂔𑂧𑂰𑂥𑂁𑂠𑂲
word_546.png,𑂠𑂰𑂎𑂱𑂪 𑂎𑂰𑂩𑂱𑂔
word_547.png,𑂧𑂰𑂪𑂏𑂳𑂔़𑂰𑂩𑂲
word_548.png,𑂧𑂱𑂮𑂪 𑂯𑂍𑂲𑂨𑂞
word_549.png,𑂬𑂔𑂩𑂰
word_550.png,𑂅𑂮𑂹𑂞𑂎𑂩𑂰𑂔
word_551.png,𑂩𑂍𑂥𑂰
word_552.png,𑂍𑂰𑂮𑂹𑂞𑂍𑂰𑂩
word_553.png,𑂬𑂰𑂧𑂪𑂰𑂞
word_554.png,𑂢𑂯𑂩𑂲
word_555.png,𑂒𑂍𑂸𑂞𑂰
word_556.png,𑂮𑂰𑂪𑂰𑂢𑂰
word_557.png,𑂥𑂗𑂰𑂆
word_558.png,𑂩𑂰𑂯𑂱𑂢
word_559.png,𑂧𑂳𑂩𑂹𑂞𑂯𑂱𑂢
word_560.png,𑂧𑂳𑂮𑂹𑂞𑂩𑂲
word_561.png,𑂧𑂸𑂯𑂥𑂆𑂪𑂰
word_562.png,𑂎𑂰𑂍𑂰
word_563.png,𑂍𑂰𑂩𑂏𑂳𑂔𑂰𑂩𑂲
word_564.png,𑂎𑂳𑂩𑂹𑂠
word_565.png,𑂅𑂍𑂩𑂰𑂩𑂢𑂰𑂧𑂰
word_566.png,𑂧𑂵𑂝𑂹𑂙
word_567.png,𑂧𑂯𑂍𑂴𑂍𑂲
word_568.png,𑂧𑂮𑂍𑂴𑂍𑂲
word_569.png,𑂫𑂪𑂹𑂠𑂲𑂨𑂞
word_570.png,𑂠𑂳𑂎𑂞𑂩
word_571.png,𑂠𑂮𑂞𑂍
word_572.png,𑂢𑂲𑂪𑂰𑂧
word_573.png,𑂞𑂍𑂰𑂫𑂲
word_574.png,𑂤𑂮𑂪 𑂎𑂩𑂲𑂤
word_575.png,𑂏𑂱𑂩𑂠𑂰𑂫𑂩𑂲
word_576.png,𑂞𑂥𑂰𑂠𑂪𑂰
word_577.png,𑂥𑂶𑂨
word_578.png,𑂧𑂳𑂞𑂫𑂤𑂲
word_579.png,𑂣𑂰𑂯𑂢
word_580.png,𑂃𑂡𑂱𑂢𑂱𑂨𑂧
word_581.png,𑂃𑂡𑂱𑂫𑂍𑂹𑂞𑂰
word_582.png,𑂃𑂏𑂹𑂩𑂱𑂧
word_583.png,𑂣𑂹𑂩𑂸𑂛
word_584.png,𑂮𑂪𑂰𑂯
word_585.png,𑂃𑂦𑂱𑂍𑂩𑂹𑂞𑂰
word_586.png,𑂦𑂞𑂹𑂞𑂰
word_587.png,𑂩𑂰𑂔𑂠𑂴𑂞
word_588.png,𑂇𑂣𑂬𑂧𑂢
word_589.png,𑂮𑂁𑂍𑂹𑂭𑂱𑂣𑂹𑂞
word_590.png,𑂮𑂹𑂟𑂏𑂢
word_591.png,𑂣𑂰𑂪𑂢
word_592.png,𑂌𑂮𑂞
word_593.png,𑂃𑂡𑂱𑂧𑂴𑂪𑂹𑂨
word_594.png,𑂢𑂱𑂩𑂮𑂹𑂞
word_595.png,𑂃𑂞𑂹𑂨𑂰𑂡𑂱𑂍 𑂍𑂧𑂲
word_596.png,𑂠𑂷𑂭𑂧𑂳𑂍𑂹𑂞
word_597.png,𑂥𑂯𑂳𑂞𑂰𑂨𑂞
word_598.png,𑂬𑂶𑂍𑂹𑂭𑂱𑂍
word_599.png,𑂄𑂍𑂰𑂮𑂹𑂧𑂱𑂍
word_600.png,𑂮𑂧𑂰𑂨𑂷𑂔𑂱𑂞
word_601.png,𑂮𑂧𑂕𑂸𑂞𑂰
word_602.png,𑂇𑂞𑂹𑂞𑂩𑂠𑂰𑂨𑂲
word_603.png,𑂨𑂟𑂰𑂩𑂹𑂟
word_604.png,𑂇𑂣𑂪𑂥𑂹𑂡𑂱
word_605.png,𑂃𑂦𑂱𑂦𑂰𑂭𑂝
word_606.png,𑂏𑂞𑂱𑂫𑂱𑂡𑂱
word_607.png,𑂣𑂩𑂹𑂨𑂰𑂣𑂹𑂞
word_608.png,𑂮𑂧𑂰𑂨𑂷𑂔𑂢
word_609.png,𑂄𑂩𑂍𑂹𑂭𑂱𑂞
word_610.png,𑂃𑂣𑂧𑂱𑂬𑂹𑂩𑂝
word_611.png,𑂇𑂢𑂹𑂢𑂞𑂱
word_612.png,𑂣𑂹𑂩𑂞𑂱𑂍𑂴𑂪
word_613.png,𑂮𑂧𑂩𑂹𑂟
word_614.png,𑂍𑂱𑂤𑂰𑂨𑂞𑂲
word_615.png,𑂄𑂨𑂳𑂮𑂲𑂧𑂰
word_616.png,𑂃𑂢𑂹𑂨𑂞𑂹𑂩
word_617.png,𑂃𑂢𑂹𑂨𑂠𑂵𑂬𑂲𑂨
word_618.png,𑂃𑂦𑂱𑂍𑂟𑂢
word_619.png,𑂢𑂱𑂭𑂹𑂘𑂰
word_620.png,𑂢𑂱𑂨𑂞𑂢
word_621.png,𑂫𑂱𑂍𑂪𑂹𑂣
word_622.png,𑂮𑂁𑂠𑂱𑂏𑂹𑂡
word_623.png,𑂣𑂴𑂩𑂹𑂫 𑂄𑂒𑂩𑂝
word_624.png,𑂣𑂹𑂩𑂞𑂹𑂨𑂰𑂬𑂱𑂞
word_625.png,𑂍𑂹𑂭𑂧𑂰𑂨𑂰𑂒𑂢𑂰
word_626.png,𑂯𑂰𑂔𑂱𑂩𑂲
word_627.png,𑂞𑂳𑂭𑂹𑂗𑂱𑂍𑂩𑂝
word_628.png,𑂣𑂹𑂩𑂮𑂹𑂞𑂰𑂫
word_629.png,𑂫𑂱𑂫𑂰𑂒𑂢
word_630.png,𑂃𑂢𑂳𑂒𑂹𑂓𑂵𑂠
word_631.png,𑂃𑂦𑂱𑂢𑂱𑂬𑂹𑂒𑂱𑂞
word_632.png,𑂢𑂱𑂩𑂹𑂡𑂰𑂩𑂝
word_633.png,𑂣𑂩𑂱𑂮𑂁𑂣𑂞𑂹𑂞𑂱
word_634.png,𑂣𑂴𑂩𑂹𑂫𑂡𑂰𑂩𑂝𑂰
word_635.png,𑂮𑂁𑂪𑂏𑂹𑂢𑂍
word_636.png,𑂣𑂹𑂩𑂰𑂡𑂱𑂍ृ𑂞
word_637.png,𑂠𑂳𑂩𑂰𑂒𑂩𑂝
word_638.png,𑂧𑂞𑂣𑂞𑂹𑂩
word_639.png,𑂣𑂹𑂩𑂞𑂱𑂦𑂴𑂞𑂱
word_640.png,𑂢𑂱𑂩𑂰𑂡𑂰𑂩
word_641.png,𑂢𑂹𑂨𑂰𑂨𑂣𑂲𑂘
word_642.png,𑂄𑂁𑂒𑂪𑂱𑂍
word_643.png,𑂮𑂯𑂢𑂬𑂲𑂪𑂞𑂰
word_644.png,𑂇𑂣𑂔𑂢𑂰
word_645.png,𑂧𑂰𑂢𑂠𑂁𑂙
word_646.png,𑂧𑂰𑂣𑂠𑂁𑂙
word_647.png,𑂃𑂯𑂰𑂞𑂰
word_648.png,𑂠𑂷𑂭𑂣𑂴𑂩𑂹𑂝
word_649.png,𑂨𑂰𑂒𑂱𑂍𑂰
word_650.png,𑂮𑂳𑂨𑂷𑂏𑂹𑂨
word_651.png,𑂍𑂩𑂹𑂧𑂬𑂰𑂪𑂰
word_652.png,𑂍𑂰𑂩𑂹𑂨𑂦𑂰𑂩
word_653.png,𑂫𑂹𑂨𑂰𑂫𑂯𑂰𑂩𑂱𑂍
word_654.png,𑂍𑂰𑂩𑂹𑂨𑂍𑂰𑂩𑂱𑂝𑂲
word_655.png,𑂞𑂞𑂹𑂍𑂰𑂪
word_656.png,𑂢𑂱𑂣𑂳𑂝
word_657.png,𑂍𑂪𑂹𑂨𑂰𑂝𑂍𑂰𑂩𑂲
word_658.png,𑂢𑂱𑂩𑂰𑂆
word_659.png,𑂞𑂥𑂍𑂰
word_660.png,𑂄𑂬𑂹𑂫𑂰𑂮𑂢
word_661.png,𑂄𑂫𑂬𑂹𑂨𑂍𑂞𑂰
word_662.png,𑂮𑂹𑂟𑂏𑂱𑂞
word_663.png,𑂣𑂹𑂩𑂞𑂲𑂍𑂹𑂭𑂰
word_664.png,𑂞𑂢𑂎𑂹𑂫𑂰
word_665.png,𑂧𑂞𑂰𑂡𑂱𑂍𑂰𑂩
word_666.png,𑂡𑂢𑂹𑂨𑂫𑂰𑂠
word_667.png,𑂮𑂹𑂫𑂨𑂁𑂮𑂵𑂫𑂍
word_668.png,𑂣𑂹𑂩𑂒𑂪𑂱𑂞
word_669.png,𑂃𑂦𑂰𑂫
word_670.png,𑂠ृ𑂬𑂹𑂨
word_671.png,𑂨𑂷𑂏𑂹𑂨𑂞𑂰
word_672.png,𑂠𑂴𑂩𑂠𑂩𑂹𑂬𑂲
word_673.png,𑂥𑂪𑂣𑂹𑂩𑂨𑂷𑂏
word_674.png,𑂣𑂹𑂩𑂞𑂱𑂬𑂷𑂡
word_675.png,𑂫𑂹𑂨𑂰𑂣𑂍
word_676.png,𑂮𑂞𑂩𑂹𑂍𑂞𑂰
word_677.png,𑂢𑂱𑂍𑂗𑂞𑂰
word_678.png,𑂮𑂍𑂹𑂭𑂧
word_679.png,𑂫𑂍𑂹𑂞𑂫𑂹𑂨
word_680.png,𑂃𑂢𑂳𑂦𑂫𑂲
word_681.png,𑂮𑂞𑂹𑂨𑂰𑂣𑂱𑂞
word_682.png,𑂧𑂸𑂎𑂱𑂍
word_683.png,𑂫𑂱𑂦𑂱𑂢𑂹𑂢
word_684.png,𑂣𑂩𑂱𑂫𑂩𑂹𑂞𑂢𑂲𑂨
word_685.png,𑂣𑂹𑂩𑂧𑂰𑂝𑂢
word_686.png,𑂃𑂮𑂹𑂣𑂭𑂹𑂗
word_687.png,𑂮𑂩𑂹𑂫𑂰𑂡𑂱𑂍
word_688.png,𑂃𑂢𑂳𑂣𑂨𑂷𑂏𑂲
word_689.png,𑂣𑂹𑂩𑂫ृ𑂞𑂹𑂞𑂱
word_690.png,𑂮𑂩𑂹𑂫𑂷𑂒𑂹𑂒
word_691.png,𑂮𑂧𑂰𑂩𑂍𑂹𑂭𑂝
word_692.png,𑂍𑂰𑂨𑂧
word_693.png,𑂇𑂢𑂹𑂢𑂨𑂢
word_694.png,𑂃𑂢𑂱𑂒𑂹𑂓𑂳𑂍
word_695.png,𑂃𑂫𑂱𑂬𑂹𑂫𑂮𑂢𑂲𑂨
word_696.png,𑂃𑂮𑂹𑂫𑂲𑂍𑂰𑂩𑂹𑂨
word_697.png,𑂃𑂢𑂒𑂰𑂯𑂰
word_698.png,𑂇𑂣𑂍𑂹𑂩𑂧
word_699.png,𑂫𑂒𑂢𑂥𑂁𑂡
word_700.png,𑂣𑂞𑂹𑂩𑂪𑂵𑂎𑂍
word_701.png,𑂄𑂪𑂷𑂒𑂹𑂨
word_702.png,𑂦𑂴𑂧𑂱𑂏𑂞
word_703.png,𑂫𑂱𑂒𑂰𑂩𑂰𑂡𑂲𑂢
word_704.png,𑂃𑂣𑂳𑂭𑂹𑂗
word_705.png,𑂮𑂁𑂫𑂱𑂡𑂰𑂢𑂱𑂍
word_706.png,𑂃𑂢𑂱𑂨𑂁𑂞𑂹𑂩𑂱𑂞
word_707.png,𑂮𑂩𑂹𑂫𑂮𑂧𑂹𑂧𑂞𑂱
word_708.png,𑂧𑂳𑂠𑂹𑂩𑂝
word_709.png,𑂮𑂞𑂹𑂞𑂰 𑂣𑂍𑂹𑂭
word_710.png,𑂣𑂩𑂱𑂫𑂯𑂢
word_711.png,𑂣𑂰𑂩𑂠𑂩𑂹𑂬𑂲
word_712.png,𑂧𑂰𑂩𑂹𑂏𑂮𑂹𑂟
word_713.png,𑂮𑂹𑂟𑂰𑂢𑂰𑂁𑂞𑂩𑂝
word_714.png,𑂣𑂹𑂩𑂬𑂱𑂍𑂹𑂭𑂝
word_715.png,𑂬𑂲𑂩𑂹𑂭𑂮𑂹𑂟
word_716.png,𑂮𑂧𑂨𑂧𑂰𑂢
word_717.png,𑂬𑂲𑂩𑂹𑂭𑂍
word_718.png,𑂮𑂧𑂨𑂥𑂰𑂡𑂱𑂞
word_719.png,𑂮𑂰𑂍𑂹𑂭𑂹𑂨
word_720.png,𑂩𑂰𑂔𑂹𑂨𑂍𑂹𑂭𑂵𑂞𑂹𑂩
word_721.png,𑂮𑂧𑂰𑂣𑂹𑂞𑂱
word_722.png,𑂮𑂁𑂦𑂰𑂫𑂱𑂞
word_723.png,𑂞𑂩𑂹𑂍𑂮𑂁𑂏𑂞
word_724.png,𑂣𑂰𑂩𑂱𑂦𑂰𑂭𑂱𑂍
word_725.png,𑂮𑂁𑂮𑂰𑂡𑂢
word_726.png,𑂫𑂰𑂮𑂹𑂞𑂫𑂱𑂍
word_727.png,०
word_728.png,०
word_729.png,०
word_730.png,१
word_731.png,१
word_732.png,१
word_733.png,२
word_734.png,२
word_735.png,२
word_736.png,३
word_737.png,३
word_738.png,३
word_739.png,४
word_740.png,४
word_741.png,४
word_742.png,५
word_743.png,५
word_744.png,५
word_745.png,६
word_746.png,६
word_747.png,६
word_748.png,७
word_749.png,७
word_750.png,७
word_751.png,८
word_752.png,८
word_753.png,८
word_754.png,९
word_755.png,९
word_756.png,९
